2017-11-04 12:22:34,1202,lowFloor,6,34,-41.2166405,174.8908691,Outbound
2017-11-04 12:23:04,1202,lowFloor,54,4,-41.2151985,174.8927765,Outbound,5000
2017-11-04 12:23:34,1202,lowFloor,54,9,-41.2143898,174.8942108,Outbound,5000
2017-11-04 12:23:34,1202,lowFloor,54,9,-41.2143898,174.8942108,Outbound,5000
2017-11-04 12:24:35,1202,lowFloor,6,47,-41.2120476,174.8998108,Outbound,5000
2017-11-04 12:25:36,1202,lowFloor,42,-24,-41.2104263,174.9029083,Outbound,5000
2017-11-04 12:26:04,1202,lowFloor,54,4,-41.2103348,174.9030304,Outbound,5000
2017-11-04 12:28:34,1202,lowFloor,258,67,-41.2108765,174.9043427,Outbound,5000
2017-11-04 12:29:35,1202,lowFloor,210,95,-41.2118683,174.9000549,Outbound,5000
2017-11-04 12:30:34,1202,lowFloor,150,103,-41.2151985,174.9018402,Outbound,5000
2017-11-04 12:32:34,1202,lowFloor,198,108,-41.2253799,174.9060059,Outbound,5000
2017-11-04 12:33:35,1202,lowFloor,186,95,-41.2324066,174.9042206,Outbound,5000
2017-11-04 12:36:04,1202,lowFloor,174,99,-41.2433090,174.9091187,Outbound,5000
2017-11-04 12:36:35,1202,lowFloor,162,148,-41.2468224,174.9101868,Outbound,5000
2017-11-04 12:37:06,1202,lowFloor,234,121,-41.2500648,174.9070892,Outbound,5000
2017-11-04 12:38:37,1202,lowFloor,114,85,-41.2553787,174.9101868,Outbound,5000
2017-11-04 12:39:36,1202,lowFloor,210,67,-41.2596130,174.9123230,Outbound,5000
2017-11-04 12:40:34,1202,lowFloor,162,34,-41.2641182,174.9099426,Outbound,5000
2017-11-04 12:41:05,1202,lowFloor,234,35,-41.2667313,174.9072113,Outbound,5000
2017-11-04 12:42:06,1202,lowFloor,246,-16,-41.2709656,174.9069672,Outbound,5000
2017-11-04 12:43:35,1202,lowFloor,162,-43,-41.2799759,174.9066010,Outbound,5000
2017-11-04 12:44:34,1202,lowFloor,210,-53,-41.2847481,174.9028015,Outbound,5000
2017-11-04 12:48:36,1202,lowFloor,234,-204,-41.3051987,174.8884888,Outbound,5000
2017-11-04 12:49:34,1202,lowFloor,18,0,-41.3078117,174.8850403,Inbound,8858
2017-11-04 12:49:34,1202,lowFloor,18,0,-41.3078117,174.8850403,Inbound
2017-11-04 12:49:34,1202,lowFloor,18,0,-41.3078117,174.8850403,Inbound
2017-11-04 12:54:34,1202,lowFloor,6,0,-41.3074493,174.8850403,Inbound
2017-11-04 13:00:06,1202,lowFloor,66,-22,-41.3055611,174.8864594,Inbound
2017-11-04 13:00:06,1202,lowFloor,66,-22,-41.3055611,174.8864594,Inbound
2017-11-04 13:01:06,1202,lowFloor,30,6,-41.3024063,174.8920746,Inbound,8858
2017-11-04 13:01:36,1202,lowFloor,18,-24,-41.2999725,174.8943329,Inbound,8858
2017-11-04 13:04:06,1202,lowFloor,42,6,-41.2887115,174.9002991,Inbound,8858
2017-11-04 13:05:05,1202,lowFloor,78,25,-41.2833977,174.9043427,Inbound,8858
2017-11-04 13:05:36,1202,lowFloor,6,19,-41.2810555,174.9068451,Inbound,8858
2017-11-04 13:07:35,1202,lowFloor,6,10,-41.2718658,174.9064941,Inbound,8858
2017-11-04 13:08:37,1202,lowFloor,54,24,-41.2660103,174.9084015,Inbound,8858
2017-11-04 13:13:05,1202,lowFloor,342,-55,-41.2435799,174.9092255,Inbound,8858
2017-11-04 13:14:37,1202,lowFloor,330,9,-41.2351990,174.9049377,Inbound,8858
2017-11-04 13:16:06,1202,lowFloor,6,-114,-41.2276306,174.9053040,Inbound,8858
2017-11-04 13:17:07,1202,lowFloor,6,-71,-41.2243004,174.9062500,Inbound,8858
2017-11-04 13:18:06,1202,lowFloor,6,-114,-41.2205162,174.9072113,Inbound,8858
2017-11-04 13:19:05,1202,lowFloor,306,-183,-41.2170029,174.9033966,Inbound,8858
2017-11-04 13:23:35,1202,lowFloor,114,-145,-41.2098846,174.9044647,Inbound,8858
2017-11-04 13:24:37,1202,lowFloor,162,-83,-41.2100639,174.9047089,Inbound,8858
2017-11-04 13:24:37,1202,lowFloor,162,-83,-41.2100639,174.9047089,Inbound,8858
2017-11-04 13:26:06,1202,lowFloor,162,6,-41.2100639,174.9047089,Inbound,8858
2017-11-04 13:29:07,1202,lowFloor,210,97,-41.2121353,174.9000549,Inbound,8858
2017-11-04 13:32:36,1202,lowFloor,198,96,-41.2197037,174.8892059,Inbound,8858
2017-11-04 13:37:34,1202,lowFloor,294,214,-41.2259216,174.8801422,Inbound,8858
2017-11-04 13:38:07,1202,lowFloor,294,247,-41.2256508,174.8795471,Inbound,8858
2017-11-04 13:39:06,1202,lowFloor,294,261,-41.2249298,174.8770447,Inbound,8858
2017-11-04 13:40:37,1202,lowFloor,294,307,-41.2241173,174.8744202,Inbound,8858
2017-11-04 13:41:04,1202,lowFloor,282,307,-41.2238503,174.8732300,Inbound,8858
2017-11-04 13:43:05,1202,lowFloor,282,485,-41.2227669,174.8697815,Inbound,8858
2017-11-04 13:44:36,1202,lowFloor,246,549,-41.2234001,174.8670349,Inbound,8858
2017-11-04 13:44:36,1202,lowFloor,246,549,-41.2234001,174.8670349,Inbound,8858
2017-11-04 13:46:05,1202,lowFloor,234,563,-41.2245712,174.8625031,Inbound,8858
2017-11-04 14:13:32,1170,lowFloor,342,14,-41.2437592,174.9092255,Inbound
2017-11-04 14:14:33,1170,lowFloor,330,15,-41.2383537,174.9070892,Inbound,8858
2017-11-04 14:14:33,1170,lowFloor,330,15,-41.2383537,174.9070892,Inbound
2017-11-04 14:15:33,1170,lowFloor,282,33,-41.2342072,174.9039917,Inbound,8858
2017-11-04 14:18:03,1170,lowFloor,18,3,-41.2256508,174.9058990,Inbound,8858
2017-11-04 14:24:04,1170,lowFloor,54,-66,-41.2100639,174.9035034,Inbound,8858
2017-11-04 14:26:04,1170,lowFloor,150,4,-41.2100639,174.9047089,Inbound,8858
2017-11-04 14:30:02,1170,lowFloor,210,167,-41.2124977,174.8998108,Inbound,8858
2017-11-04 14:30:32,1170,lowFloor,270,167,-41.2130394,174.8970795,Inbound,8858
2017-11-04 14:31:32,1170,lowFloor,234,92,-41.2162819,174.8911133,Inbound,8858
2017-11-04 14:32:02,1170,lowFloor,198,122,-41.2167320,174.8909912,Inbound,8858
2017-11-04 14:33:32,1170,lowFloor,210,125,-41.2213249,174.8880157,Inbound,8858
2017-11-04 14:36:34,1170,lowFloor,294,214,-41.2270012,174.8834839,Inbound,8858
2017-11-04 14:37:04,1170,lowFloor,282,244,-41.2270012,174.8833618,Inbound,8858
2017-11-04 14:38:04,1170,lowFloor,282,244,-41.2259216,174.8802643,Inbound,8858
2017-11-04 14:40:32,1170,lowFloor,294,306,-41.2249298,174.8770447,Inbound,8858
2017-11-04 14:42:02,1170,lowFloor,294,369,-41.2239380,174.8737183,Inbound,8858
2017-11-04 14:43:02,1170,lowFloor,282,482,-41.2236671,174.8721619,Inbound,8858
2017-11-04 14:45:33,1170,lowFloor,246,558,-41.2240295,174.8652496,Inbound,8858
2017-11-04 14:47:33,1170,lowFloor,246,558,-41.2253799,174.8545227,Inbound,8858
2017-11-04 14:49:32,1170,lowFloor,222,558,-41.2397957,174.8266296,Inbound,8858
2017-11-04 14:54:02,1170,lowFloor,222,422,-41.2609634,174.7890930,Inbound,8858
2017-11-04 14:54:02,1170,lowFloor,222,422,-41.2609634,174.7890930,Inbound,8858
2017-11-04 14:56:32,1170,lowFloor,150,452,-41.2710571,174.7818146,Inbound,8858
2017-11-04 14:56:32,1170,lowFloor,150,452,-41.2710571,174.7818146,Inbound,8858
2017-11-04 14:58:02,1170,lowFloor,210,482,-41.2763710,174.7815704,Inbound,8858
2017-11-04 15:01:02,1170,lowFloor,198,362,-41.2826767,174.7757416,Inbound,8858
2017-11-04 15:01:32,1170,lowFloor,234,392,-41.2827682,174.7756195,Inbound,8858
2017-11-04 15:02:33,1170,lowFloor,306,453,-41.2826767,174.7753754,Inbound,8858
2017-11-04 15:04:04,1170,lowFloor,198,374,-41.2862816,174.7762146,Inbound,8858
2017-11-04 15:05:02,1170,lowFloor,126,362,-41.2880821,174.7756195,Inbound,8858
2017-11-04 15:07:03,1170,lowFloor,126,303,-41.2910538,174.7766876,Inbound,8858
2017-11-04 15:24:03,1170,lowFloor,30,183,-41.2866402,174.7762146,Outbound
2017-11-04 15:26:02,1170,lowFloor,6,222,-41.2832184,174.7757416,Outbound,5000
2017-11-04 15:27:33,1170,lowFloor,18,153,-41.2801552,174.7764587,Outbound,5000
2017-11-04 15:28:03,1170,lowFloor,54,158,-41.2798843,174.7769318,Outbound,5000
2017-11-04 15:33:03,1170,lowFloor,42,243,-41.2635765,174.7853851,Outbound,5000
2017-11-04 15:33:33,1170,lowFloor,42,245,-41.2609634,174.7888489,Outbound,5000
2017-11-04 15:34:03,1170,lowFloor,42,245,-41.2605133,174.7893219,Outbound,5000
2017-11-04 15:37:34,1170,lowFloor,42,268,-41.2474518,174.8130493,Outbound,5000
2017-11-04 15:39:33,1170,lowFloor,54,277,-41.2435799,174.8194733,Outbound,5000
2017-11-04 15:40:33,1170,lowFloor,54,277,-41.2353783,174.8335419,Outbound,5000
2017-11-04 15:43:04,1170,lowFloor,78,277,-41.2242088,174.8644104,Outbound,5000
2017-11-04 15:45:03,1170,lowFloor,102,63,-41.2229462,174.8704987,Outbound,5000
2017-11-04 15:46:03,1170,lowFloor,114,123,-41.2241173,174.8743134,Outbound,5000
2017-11-04 15:49:02,1170,lowFloor,114,212,-41.2263718,174.8819427,Outbound,5000
2017-11-04 15:53:03,1170,lowFloor,54,172,-41.2142982,174.8943329,Outbound,5000
2017-11-04 15:55:04,1170,lowFloor,54,171,-41.2098846,174.9038696,Outbound,5000
2017-11-04 15:55:34,1170,lowFloor,54,171,-41.2097931,174.9040985,Outbound,5000
2017-11-04 15:56:34,1170,lowFloor,138,214,-41.2102470,174.9048157,Outbound,5000
2017-11-04 15:57:04,1170,lowFloor,138,244,-41.2102470,174.9048157,Outbound,5000
2017-11-04 15:59:03,1170,lowFloor,150,243,-41.2155609,174.9021912,Outbound,5000
2017-11-04 16:02:02,1170,lowFloor,174,122,-41.2322273,174.9043427,Outbound,5000
2017-11-04 16:02:34,1170,lowFloor,198,154,-41.2323189,174.9043427,Outbound,5000
2017-11-04 16:03:34,1170,lowFloor,102,142,-41.2360992,174.9058990,Outbound,5000
2017-11-04 16:09:07,1217,lowFloor,294,316,-41.2248383,174.8768158,Inbound,8858
2017-11-04 16:09:07,1217,lowFloor,294,316,-41.2248383,174.8768158,Inbound
2017-11-04 16:10:06,1217,lowFloor,282,323,-41.2237587,174.8730011,Inbound,8858
2017-11-04 16:10:36,1217,lowFloor,282,396,-41.2235794,174.8721619,Inbound,8858
2017-11-04 16:11:32,1170,lowFloor,246,572,-41.2496147,174.9084015,Outbound,5000
2017-11-04 16:12:02,1170,lowFloor,234,536,-41.2516861,174.9033966,Outbound
2017-11-04 16:14:02,1170,lowFloor,234,512,-41.2607841,174.9100647,Outbound,5000
2017-11-04 16:15:03,1170,lowFloor,210,453,-41.2670021,174.9070892,Outbound,5000
2017-11-04 16:15:34,1170,lowFloor,198,454,-41.2704239,174.9079132,Outbound,5000
2017-11-04 16:16:04,1170,lowFloor,186,456,-41.2736664,174.9060059,Outbound,5000
2017-11-04 16:16:32,1170,lowFloor,186,382,-41.2767296,174.9036255,Outbound,5000
2017-11-04 16:17:32,1170,lowFloor,162,392,-41.2808762,174.9069672,Outbound,5000
2017-11-04 16:19:34,1170,lowFloor,198,334,-41.2906952,174.8981476,Outbound,5000
2017-11-04 16:19:34,1170,lowFloor,198,334,-41.2906952,174.8981476,Outbound,5000
2017-11-04 16:20:04,1170,lowFloor,210,352,-41.2929459,174.8967133,Outbound,5000
2017-11-04 16:21:34,1170,lowFloor,234,274,-41.3019562,174.8924255,Outbound,5000
2017-11-04 16:29:33,1170,lowFloor,6,0,-41.3070908,174.8846741,Inbound
2017-11-04 16:30:03,1170,lowFloor,66,-26,-41.3056488,174.8863525,Inbound,8858
2017-11-04 16:31:03,1170,lowFloor,42,3,-41.3025856,174.8919525,Inbound,8858
2017-11-04 16:31:33,1170,lowFloor,18,-27,-41.3002434,174.8942108,Inbound,8858
2017-11-04 16:31:33,1170,lowFloor,18,-27,-41.3002434,174.8942108,Inbound,8858
2017-11-04 16:37:33,1170,lowFloor,342,93,-41.2803345,174.9067230,Inbound,8858
2017-11-04 16:40:32,1170,lowFloor,30,123,-41.2647476,174.9098206,Inbound,8858
2017-11-04 16:41:34,1170,lowFloor,18,98,-41.2591629,174.9125671,Inbound,8858
2017-11-04 16:42:06,1170,lowFloor,318,50,-41.2561913,174.9113770,Inbound,8858
2017-11-04 16:43:32,1170,lowFloor,270,92,-41.2531281,174.9047089,Inbound,8858
2017-11-04 16:44:34,1170,lowFloor,54,93,-41.2501564,174.9067230,Inbound,8858
2017-11-04 16:45:03,1170,lowFloor,342,101,-41.2470932,174.9103088,Inbound,8858
2017-11-04 16:46:04,1170,lowFloor,342,124,-41.2398834,174.9080353,Inbound,8858
2017-11-04 16:47:03,1170,lowFloor,342,166,-41.2365494,174.9060059,Inbound,8858
2017-11-04 16:47:03,1170,lowFloor,342,166,-41.2365494,174.9060059,Inbound,8858
2017-11-04 16:51:34,1170,lowFloor,282,34,-41.2172737,174.9043427,Inbound,8858
2017-11-04 16:53:32,1170,lowFloor,54,-28,-41.2101555,174.9033966,Inbound,8858
2017-11-04 16:55:04,1170,lowFloor,150,4,-41.2099762,174.9045868,Inbound,8858
2017-11-04 16:58:34,1170,lowFloor,294,126,-41.2111473,174.9017181,Inbound,8858
2017-11-04 16:59:04,1170,lowFloor,210,170,-41.2124977,174.8996887,Inbound,8858
2017-11-04 17:00:04,1170,lowFloor,234,124,-41.2138481,174.8952789,Inbound,8858
2017-11-04 17:00:33,1170,lowFloor,234,153,-41.2148399,174.8934937,Inbound,8858
2017-11-04 17:03:04,1170,lowFloor,198,157,-41.2211456,174.8881378,Inbound,8858
2017-11-04 17:05:03,1170,lowFloor,210,183,-41.2269135,174.8851471,Inbound,8858
2017-11-04 17:06:33,1170,lowFloor,294,246,-41.2266426,174.8822937,Inbound,8858
2017-11-04 17:07:34,1170,lowFloor,294,274,-41.2259216,174.8801422,Inbound,8858
2017-11-04 17:08:03,1170,lowFloor,294,303,-41.2257423,174.8796692,Inbound,8858
2017-11-04 17:09:35,1170,lowFloor,282,335,-41.2245712,174.8758545,Inbound,8858
2017-11-04 17:10:04,1170,lowFloor,282,335,-41.2238503,174.8733521,Inbound,8858
2017-11-04 17:10:33,1170,lowFloor,270,393,-41.2236671,174.8721619,Inbound,8858
2017-11-04 17:11:04,1170,lowFloor,270,424,-41.2236671,174.8721619,Inbound,8858
2017-11-04 17:13:34,1170,lowFloor,258,490,-41.2243881,174.8639374,Inbound,8858
2017-11-04 17:14:04,1170,lowFloor,270,490,-41.2248383,174.8613129,Inbound,8858
2017-11-04 17:15:05,1170,lowFloor,234,490,-41.2265511,174.8511810,Inbound,8858
2017-11-04 17:15:33,1170,lowFloor,234,490,-41.2288933,174.8434448,Inbound,8858
2017-11-04 17:17:04,1170,lowFloor,234,490,-41.2417755,174.8231812,Inbound,8858
2017-11-04 17:20:05,1170,lowFloor,234,394,-41.2542076,174.8013611,Inbound,8858
2017-11-04 17:20:36,1170,lowFloor,246,396,-41.2557411,174.7966003,Inbound,8858
2017-11-04 17:21:04,1170,lowFloor,234,398,-41.2579041,174.7929077,Inbound,8858
2017-11-04 17:21:35,1170,lowFloor,222,398,-41.2605133,174.7895660,Inbound,8858
2017-11-04 17:22:34,1170,lowFloor,222,377,-41.2657394,174.7832489,Inbound,8858
2017-11-04 17:24:34,1170,lowFloor,174,394,-41.2745705,174.7837219,Inbound,8858
2017-11-04 17:26:04,1170,lowFloor,234,424,-41.2786217,174.7788391,Inbound,8858
2017-11-04 17:26:35,1170,lowFloor,234,455,-41.2787132,174.7788391,Inbound,8858
2017-11-04 17:27:35,1170,lowFloor,234,455,-41.2799759,174.7764587,Inbound,8858
2017-11-04 17:30:06,1170,lowFloor,150,426,-41.2851982,174.7758636,Inbound,8858
2017-11-04 17:31:03,1170,lowFloor,198,435,-41.2869110,174.7760925,Inbound,8858
2017-11-04 17:35:05,1170,lowFloor,126,485,-41.2911453,174.7765656,Inbound,8858
2017-11-04 17:36:34,1170,lowFloor,126,454,-41.2927666,174.7794342,Inbound,8858
2017-11-04 17:38:34,1170,lowFloor,114,515,-41.2934875,174.7810974,Inbound,8858
2017-11-04 17:45:04,1170,lowFloor,282,0,-41.2938461,174.7824097,Outbound
2017-11-04 17:46:34,1170,lowFloor,294,65,-41.2934875,174.7812195,Outbound,5000
2017-11-04 17:47:34,1170,lowFloor,306,66,-41.2925873,174.7791901,Outbound,5000
2017-11-04 17:48:05,1170,lowFloor,306,5,-41.2915955,174.7774048,Outbound,5000
2017-11-04 17:51:05,1170,lowFloor,30,98,-41.2890739,174.7747803,Outbound,5000
2017-11-04 17:55:04,1170,lowFloor,6,157,-41.2833061,174.7754974,Outbound,5000
2017-11-04 17:56:04,1170,lowFloor,354,164,-41.2816849,174.7760925,Outbound,5000
2017-11-04 17:57:03,1170,lowFloor,354,106,-41.2796135,174.7769318,Outbound,5000
2017-11-04 17:57:35,1170,lowFloor,42,95,-41.2788048,174.7784729,Outbound,5000
2017-11-04 17:58:34,1170,lowFloor,18,130,-41.2770004,174.7808685,Outbound,5000
2017-11-04 17:59:04,1170,lowFloor,6,106,-41.2747498,174.7837219,Outbound,5000
2017-11-04 17:59:33,1170,lowFloor,342,93,-41.2715950,174.7819366,Outbound,5000
2017-11-04 18:01:04,1170,lowFloor,54,107,-41.2624054,174.7870636,Outbound,5000
2017-11-04 18:01:04,1170,lowFloor,54,107,-41.2624054,174.7870636,Outbound,5000
2017-11-04 18:03:34,1170,lowFloor,66,109,-41.2524986,174.8049316,Outbound,5000
2017-11-04 18:05:03,1170,lowFloor,66,63,-41.2472725,174.8135223,Outbound,5000
2017-11-04 18:05:03,1170,lowFloor,66,63,-41.2472725,174.8135223,Outbound,5000
2017-11-04 18:07:02,1170,lowFloor,66,64,-41.2320480,174.8380737,Outbound,5000
2017-11-04 18:07:32,1170,lowFloor,78,64,-41.2281723,174.8451080,Outbound,5000
2017-11-04 18:08:32,1170,lowFloor,54,64,-41.2236671,174.8588104,Outbound,5000
2017-11-04 18:09:02,1170,lowFloor,78,64,-41.2243881,174.8623962,Outbound,5000
2017-11-04 18:14:32,1170,lowFloor,18,-88,-41.2270927,174.8850403,Outbound,5000
2017-11-04 18:15:02,1170,lowFloor,18,-58,-41.2263718,174.8853912,Outbound,5000
2017-11-04 18:16:04,1170,lowFloor,18,-84,-41.2225876,174.8872986,Outbound,5000
2017-11-04 18:19:03,1170,lowFloor,78,-72,-41.2127686,174.8962402,Outbound,5000
2017-11-04 18:22:02,1170,lowFloor,150,-58,-41.2102470,174.9048157,Outbound,5000
2017-11-04 18:23:32,1170,lowFloor,306,-24,-41.2111473,174.9018402,Outbound,5000
2017-11-04 18:25:02,1170,lowFloor,90,-65,-41.2173615,174.9054108,Outbound,5000
2017-11-04 18:25:02,1170,lowFloor,90,-65,-41.2173615,174.9054108,Outbound,5000
2017-11-04 18:26:03,1170,lowFloor,162,-75,-41.2223167,174.9070892,Outbound,5000
2017-11-04 18:27:32,1170,lowFloor,198,-88,-41.2274513,174.9054108,Outbound,5000
2017-11-04 18:28:03,1170,lowFloor,174,-57,-41.2296143,174.9049377,Outbound,5000
2017-11-04 18:31:04,1170,lowFloor,162,-71,-41.2437592,174.9093475,Outbound,5000
2017-11-04 18:32:34,1170,lowFloor,174,-37,-41.2525864,174.9031525,Outbound,5000
2017-11-04 18:35:32,1170,lowFloor,174,-88,-41.2643890,174.9100647,Outbound,5000
2017-11-04 18:38:33,1170,lowFloor,174,-147,-41.2807846,174.9069672,Outbound,5000
2017-11-04 18:39:02,1170,lowFloor,222,-185,-41.2832184,174.9053040,Outbound,5000
2017-11-04 18:40:02,1170,lowFloor,222,-190,-41.2883530,174.9008942,Outbound,5000
2017-11-04 18:40:31,1170,lowFloor,234,-149,-41.2889824,174.8999329,Outbound,5000
2017-11-04 18:43:02,1170,lowFloor,210,-238,-41.3021355,174.8921814,Outbound,5000
2017-11-04 18:43:33,1170,lowFloor,222,-219,-41.3047485,174.8893280,Outbound,5000
2017-11-04 18:44:02,1170,lowFloor,270,-258,-41.3053780,174.8874207,Outbound,5000
2017-11-04 18:50:28,1618,lowFloor,318,1085,-41.2906952,174.7762146,Outbound,5000
2017-11-04 18:52:31,1618,lowFloor,294,1111,-41.2891617,174.7750244,Outbound,5000
2017-11-04 18:54:02,1618,lowFloor,18,1142,-41.2869110,174.7760925,Outbound,5000
2017-11-04 18:54:28,1618,lowFloor,78,1168,-41.2867317,174.7762146,Outbound,5000
2017-11-04 18:54:59,1618,lowFloor,66,1199,-41.2866402,174.7764587,Outbound,5000
2017-11-04 18:55:58,1618,lowFloor,18,1138,-41.2827682,174.7758636,Outbound,5000
2017-11-04 18:56:29,1618,lowFloor,318,1169,-41.2828560,174.7757416,Outbound,5000
2017-11-04 18:59:00,1618,lowFloor,54,1140,-41.2784424,174.7790680,Outbound,5000
2017-11-04 19:01:30,1618,lowFloor,330,1230,-41.2742996,174.7834778,Outbound,5000
2017-11-04 19:02:01,1618,lowFloor,330,1233,-41.2729454,174.7827759,Outbound,5000
2017-11-04 19:04:02,1618,lowFloor,30,1322,-41.2637596,174.7852783,Outbound,5000
2017-11-04 19:06:00,1618,lowFloor,66,1301,-41.2546577,174.7999268,Outbound,5000
2017-11-04 19:06:27,1618,lowFloor,54,1301,-41.2526779,174.8044586,Outbound,5000
2017-11-04 19:07:30,1618,lowFloor,42,1301,-41.2474518,174.8130493,Outbound,5000
2017-11-04 19:07:59,1618,lowFloor,54,1294,-41.2448387,174.8172150,Outbound,5000
2017-11-04 19:09:00,1618,lowFloor,54,1294,-41.2368202,174.8312836,Outbound,5000
2017-11-04 19:09:31,1618,lowFloor,54,1294,-41.2322273,174.8376007,Outbound,5000
2017-11-04 19:10:29,1618,lowFloor,66,1294,-41.2257423,174.8528595,Outbound,5000
2017-11-04 19:11:00,1618,lowFloor,90,1294,-41.2235794,174.8594055,Outbound,5000
2017-11-04 19:11:57,1618,lowFloor,66,1197,-41.2236671,174.8660889,Outbound,5000
2017-11-04 19:12:29,1618,lowFloor,54,1200,-41.2228584,174.8681030,Outbound,5000
2017-11-04 19:13:30,1618,lowFloor,126,1230,-41.2230377,174.8706207,Outbound,5000
2017-11-04 19:15:30,1618,lowFloor,102,1243,-41.2254715,174.8788300,Outbound,5000
2017-11-04 19:16:59,1618,lowFloor,114,1321,-41.2269135,174.8832397,Outbound,5000
2017-11-04 19:18:31,1618,lowFloor,18,1351,-41.2245712,174.8863525,Outbound,5000
2017-11-04 19:29:36,1217,lowFloor,354,0,-41.3071823,174.8846741,Inbound
2017-11-04 19:30:35,1217,lowFloor,54,5,-41.3055611,174.8865814,Inbound,8858
2017-11-04 19:31:06,1217,lowFloor,54,-10,-41.3042984,174.8899231,Inbound,8858
2017-11-04 19:33:35,1217,lowFloor,354,84,-41.2959213,174.8959961,Inbound,8858
2017-11-04 19:34:35,1217,lowFloor,18,95,-41.2921371,174.8970795,Inbound,8858
2017-11-04 19:36:06,1217,lowFloor,54,106,-41.2852898,174.9019623,Inbound,8858
2017-11-04 19:37:05,1217,lowFloor,330,125,-41.2804260,174.9067230,Inbound,8858
2017-11-04 19:39:05,1217,lowFloor,42,181,-41.2753792,174.9050598,Inbound,8858
2017-11-04 19:39:05,1217,lowFloor,42,181,-41.2753792,174.9050598,Inbound,8858
2017-11-04 19:40:04,1217,lowFloor,330,168,-41.2681732,174.9078064,Inbound,8858
2017-11-04 19:41:06,1217,lowFloor,354,167,-41.2618675,174.9086304,Inbound,8858
2017-11-04 19:43:35,1217,lowFloor,270,155,-41.2531281,174.9047089,Inbound,8858
2017-11-04 19:45:05,1217,lowFloor,342,159,-41.2470016,174.9101868,Inbound,8858
2017-11-04 19:45:05,1217,lowFloor,342,159,-41.2470016,174.9101868,Inbound,8858
2017-11-04 19:47:06,1217,lowFloor,330,216,-41.2363701,174.9057770,Inbound,8858
2017-11-04 19:49:06,1217,lowFloor,6,246,-41.2314148,174.9043427,Inbound,8858
2017-11-04 19:50:35,1217,lowFloor,6,275,-41.2276306,174.9053040,Inbound,8858
2017-11-04 19:51:36,1217,lowFloor,6,316,-41.2239380,174.9063721,Inbound,8858
2017-11-04 19:53:05,1217,lowFloor,330,230,-41.2162819,174.9026794,Inbound,8858
2017-11-04 19:54:34,1217,lowFloor,54,214,-41.2105141,174.9028015,Inbound,8858
2017-11-04 19:56:35,1217,lowFloor,198,275,-41.2101555,174.9045868,Inbound,8858
2017-11-04 19:59:35,1217,lowFloor,186,215,-41.2167320,174.8908691,Inbound,8858
2017-11-04 20:03:05,1217,lowFloor,282,185,-41.2269135,174.8832397,Inbound,8858
2017-11-04 20:06:07,1217,lowFloor,294,264,-41.2250214,174.8770447,Inbound,8858
2017-11-04 20:09:37,1217,lowFloor,246,428,-41.2245712,174.8626251,Inbound,8858
2017-11-04 20:10:12,1217,lowFloor,318,428,-41.2242088,174.8598785,Inbound,8858
2017-11-04 20:12:07,1217,lowFloor,222,428,-41.2341194,174.8355713,Inbound,8858
2017-11-04 20:12:07,1217,lowFloor,222,428,-41.2341194,174.8355713,Inbound,8858
2017-11-04 20:14:06,1217,lowFloor,294,428,-41.2479935,174.8137665,Inbound,8858
2017-11-04 20:17:05,1217,lowFloor,234,342,-41.2580833,174.7925415,Inbound,8858
2017-11-04 20:17:35,1217,lowFloor,222,342,-41.2601547,174.7900391,Inbound,8858
2017-11-04 20:20:05,1217,lowFloor,150,365,-41.2742081,174.7834778,Inbound,8858
2017-11-04 20:20:36,1217,lowFloor,246,396,-41.2761917,174.7818146,Inbound,8858
2017-11-04 20:22:07,1217,lowFloor,234,427,-41.2787132,174.7788391,Inbound,8858
2017-11-04 20:24:07,1217,lowFloor,234,487,-41.2799759,174.7764587,Inbound,8858
2017-11-04 20:25:07,1217,lowFloor,198,427,-41.2829475,174.7756195,Inbound,8858
2017-11-04 20:25:07,1217,lowFloor,198,427,-41.2829475,174.7756195,Inbound,8858
2017-11-04 20:26:05,1217,lowFloor,186,458,-41.2842064,174.7753754,Inbound,8858
2017-11-04 20:27:06,1217,lowFloor,126,461,-41.2856483,174.7766876,Inbound,8858
2017-11-04 20:28:35,1217,lowFloor,210,515,-41.2881737,174.7753754,Inbound,8858
2017-11-04 20:32:35,1217,lowFloor,126,515,-41.2929459,174.7796783,Inbound,8858
2017-11-04 20:34:36,1217,lowFloor,90,0,-41.2938461,174.7826538,Outbound,5000
2017-11-04 20:35:05,1217,lowFloor,114,0,-41.2940292,174.7833710,Outbound
2017-11-04 22:35:36,1217,lowFloor,234,0,-41.2958298,174.7830048,Outbound,5000
2017-11-04 22:37:35,1217,lowFloor,294,0,-41.2939377,174.7824097,Outbound,5000
2017-11-05 00:37:59,1618,lowFloor,162,1292,-41.2803345,174.9067230,Outbound,5000
2017-11-05 11:56:29,1611,lowFloor,54,193,-41.2097931,174.9040985,Inbound
2017-11-05 11:56:58,1611,lowFloor,54,193,-41.2097931,174.9040985,Inbound,8858
2017-11-05 11:58:59,1611,lowFloor,258,272,-41.2109642,174.9035034,Inbound,8858
2017-11-05 11:59:28,1611,lowFloor,234,268,-41.2116852,174.9002991,Inbound,8858
2017-11-05 11:59:58,1611,lowFloor,270,268,-41.2129478,174.8987427,Inbound,8858
2017-11-05 12:01:58,1611,lowFloor,210,270,-41.2172737,174.8905182,Inbound,8858
2017-11-05 12:02:57,1611,lowFloor,198,237,-41.2233086,174.8870544,Inbound,8858
2017-11-05 12:03:59,1611,lowFloor,270,230,-41.2273636,174.8846741,Inbound,8858
2017-11-05 12:04:28,1611,lowFloor,294,250,-41.2261925,174.8812256,Inbound,8858
2017-11-05 12:05:27,1611,lowFloor,294,267,-41.2256508,174.8795471,Inbound,8858
2017-11-05 12:06:29,1611,lowFloor,294,269,-41.2245712,174.8758545,Inbound,8858
2017-11-05 12:07:28,1611,lowFloor,294,299,-41.2243004,174.8747864,Inbound,8858
2017-11-05 12:08:27,1611,lowFloor,294,387,-41.2235794,174.8721619,Inbound,8858
2017-11-05 12:09:27,1611,lowFloor,234,423,-41.2229462,174.8681030,Inbound,8858
2017-11-05 12:10:29,1611,lowFloor,294,400,-41.2247505,174.8607178,Inbound,8858
2017-11-05 12:10:59,1611,lowFloor,246,400,-41.2252007,174.8549957,Inbound,8858
2017-11-05 12:11:57,1611,lowFloor,234,400,-41.2315063,174.8401031,Inbound,8858
2017-11-05 12:13:57,1611,lowFloor,234,400,-41.2479935,174.8142395,Inbound,8858
2017-11-05 12:14:30,1611,lowFloor,222,210,-41.2482643,174.8123322,Inbound,8858
2017-11-05 12:16:05,1611,lowFloor,258,210,-41.2554703,174.7976685,Inbound,8858
2017-11-05 12:23:29,1611,lowFloor,150,209,-41.2811470,174.7759705,Inbound,8858
2017-11-05 12:25:32,1611,lowFloor,162,212,-41.2846603,174.7754974,Inbound,8858
2017-11-05 12:26:57,1611,lowFloor,198,252,-41.2874527,174.7757416,Inbound,8858
2017-11-05 12:27:58,1611,lowFloor,210,153,-41.2889824,174.7749023,Inbound,8858
2017-11-05 12:28:59,1611,lowFloor,138,119,-41.2909660,174.7765656,Inbound,8858
2017-11-05 12:29:58,1611,lowFloor,126,149,-41.2916870,174.7775269,Inbound,8858
2017-11-05 12:29:58,1611,lowFloor,126,149,-41.2916870,174.7775269,Inbound,8858
2017-11-05 12:31:27,1611,lowFloor,114,147,-41.2929459,174.7799072,Inbound,8858
2017-11-05 12:31:59,1611,lowFloor,102,147,-41.2936668,174.7821808,Inbound,8858
2017-11-05 12:31:59,1611,lowFloor,102,147,-41.2936668,174.7821808,Inbound,8858
2017-11-05 12:36:29,1636,lowFloor,282,269,-41.2227669,174.8696594,Inbound
2017-11-05 12:37:30,1636,lowFloor,246,261,-41.2238503,174.8654938,Inbound,8858
2017-11-05 12:39:30,1636,lowFloor,246,261,-41.2241173,174.8582153,Inbound,8858
2017-11-05 12:41:30,1636,lowFloor,234,261,-41.2371826,174.8308105,Inbound,8858
2017-11-05 12:44:32,1636,lowFloor,246,131,-41.2550201,174.7992249,Inbound,8858
2017-11-05 12:44:58,1636,lowFloor,222,107,-41.2569122,174.7944489,Inbound,8858
2017-11-05 12:45:59,1636,lowFloor,210,119,-41.2611465,174.7888489,Inbound,8858
2017-11-05 12:47:58,1611,lowFloor,282,0,-41.2938461,174.7824097,Outbound
2017-11-05 12:50:29,1611,lowFloor,306,221,-41.2918663,174.7779999,Outbound,5000
2017-11-05 12:52:27,1611,lowFloor,318,207,-41.2897034,174.7751465,Outbound,5000
2017-11-05 12:52:27,1611,lowFloor,318,207,-41.2897034,174.7751465,Outbound,5000
2017-11-05 12:53:27,1611,lowFloor,330,267,-41.2894325,174.7749023,Outbound,5000
2017-11-05 12:54:58,1611,lowFloor,354,238,-41.2863693,174.7763367,Outbound,5000
2017-11-05 12:55:59,1611,lowFloor,354,239,-41.2838478,174.7756195,Outbound,5000
2017-11-05 12:56:58,1611,lowFloor,354,197,-41.2813263,174.7760925,Outbound,5000
2017-11-05 12:57:27,1611,lowFloor,42,140,-41.2796135,174.7769318,Outbound,5000
2017-11-05 13:00:57,1611,lowFloor,342,228,-41.2706032,174.7814636,Outbound,5000
2017-11-05 13:01:28,1611,lowFloor,42,208,-41.2670898,174.7816925,Outbound,5000
2017-11-05 13:02:28,1611,lowFloor,42,180,-41.2611465,174.7886047,Outbound,5000
2017-11-05 13:03:28,1611,lowFloor,66,167,-41.2557411,174.7961121,Outbound,5000
2017-11-05 13:03:57,1611,lowFloor,66,152,-41.2543907,174.8006439,Outbound,5000
2017-11-05 13:06:57,1611,lowFloor,54,186,-41.2422256,174.8220978,Outbound,5000
2017-11-05 13:08:06,1611,lowFloor,42,186,-41.2338486,174.8356934,Outbound,5000
2017-11-05 13:09:59,1611,lowFloor,126,186,-41.2236671,174.8597717,Outbound,5000
2017-11-05 13:10:57,1611,lowFloor,54,57,-41.2236671,174.8660889,Outbound,5000
2017-11-05 13:13:28,1611,lowFloor,102,148,-41.2229462,174.8704987,Outbound,5000
2017-11-05 13:14:29,1611,lowFloor,102,209,-41.2239380,174.8739471,Outbound,5000
2017-11-05 13:16:59,1611,lowFloor,102,269,-41.2252884,174.8784790,Outbound,5000
2017-11-05 13:18:29,1611,lowFloor,114,357,-41.2261009,174.8808594,Outbound,5000
2017-11-05 13:21:39,1611,lowFloor,18,421,-41.2215958,174.8878937,Outbound,5000
2017-11-05 13:22:59,1611,lowFloor,54,329,-41.2155609,174.8921814,Outbound,5000
2017-11-05 13:23:29,1611,lowFloor,54,369,-41.2141190,174.8946838,Outbound,5000
2017-11-05 13:24:27,1611,lowFloor,30,339,-41.2124977,174.8996887,Outbound,5000
2017-11-05 13:25:59,1611,lowFloor,54,333,-41.2097054,174.9042206,Outbound,5000
2017-11-05 13:26:58,1611,lowFloor,150,358,-41.2102470,174.9048157,Outbound,5000
2017-11-05 13:27:27,1611,lowFloor,174,387,-41.2103348,174.9048157,Outbound,5000
2017-11-05 13:29:29,1611,lowFloor,138,380,-41.2165527,174.9030304,Outbound,5000
2017-11-05 13:30:28,1611,lowFloor,198,381,-41.2215958,174.9070892,Outbound,5000
2017-11-05 13:31:57,1611,lowFloor,186,337,-41.2317772,174.9043427,Outbound,5000
2017-11-05 13:31:57,1611,lowFloor,186,337,-41.2317772,174.9043427,Outbound,5000
2017-11-05 13:32:59,1611,lowFloor,150,335,-41.2372704,174.9064941,Outbound,5000
2017-11-05 13:33:58,1611,lowFloor,162,342,-41.2442970,174.9094696,Outbound,5000
2017-11-05 13:34:57,1611,lowFloor,222,353,-41.2488937,174.9095917,Outbound,5000
2017-11-05 13:35:27,1611,lowFloor,246,325,-41.2514153,174.9039917,Outbound,5000
2017-11-05 13:36:09,1611,lowFloor,102,369,-41.2531281,174.9056549,Outbound,5000
2017-11-05 13:36:58,1611,lowFloor,162,298,-41.2577209,174.9125671,Outbound,5000
2017-11-05 13:39:29,1611,lowFloor,186,249,-41.2727661,174.9062500,Outbound,5000
2017-11-05 13:48:57,1594,lowFloor,318,33,-41.2908745,174.7764587,Outbound
2017-11-05 13:51:28,1594,lowFloor,30,94,-41.2876320,174.7758636,Outbound,5000
2017-11-05 13:52:58,1594,lowFloor,330,89,-41.2858315,174.7759705,Outbound,5000
2017-11-05 13:53:56,1594,lowFloor,6,116,-41.2839394,174.7754974,Outbound,5000
2017-11-05 13:53:56,1594,lowFloor,6,116,-41.2839394,174.7754974,Outbound,5000
2017-11-05 13:57:26,1594,lowFloor,54,86,-41.2784424,174.7790680,Outbound,5000
2017-11-05 13:59:58,1594,lowFloor,342,173,-41.2710571,174.7816925,Outbound,5000
2017-11-05 13:59:58,1594,lowFloor,342,173,-41.2710571,174.7816925,Outbound,5000
2017-11-05 14:00:59,1594,lowFloor,330,179,-41.2698860,174.7809753,Outbound,5000
2017-11-05 14:02:26,1594,lowFloor,54,192,-41.2625885,174.7866974,Outbound,5000
2017-11-05 14:02:56,1594,lowFloor,42,192,-41.2611465,174.7887268,Outbound,5000
2017-11-05 14:03:28,1594,lowFloor,42,192,-41.2606964,174.7891998,Outbound,5000
2017-11-05 14:05:56,1594,lowFloor,42,330,-41.2590752,174.7910004,Outbound,5000
2017-11-05 14:09:57,1594,lowFloor,54,358,-41.2419548,174.8226929,Outbound,5000
2017-11-05 14:14:28,1594,lowFloor,66,239,-41.2227669,174.8683472,Outbound,5000
2017-11-05 14:17:26,1594,lowFloor,102,329,-41.2252007,174.8777618,Outbound,5000
2017-11-05 14:18:28,1594,lowFloor,102,388,-41.2255592,174.8794403,Outbound,5000
2017-11-05 14:18:58,1594,lowFloor,114,390,-41.2261009,174.8808594,Outbound,5000
2017-11-05 14:21:58,1594,lowFloor,18,418,-41.2207870,174.8883667,Outbound,5000
2017-11-05 14:22:57,1594,lowFloor,30,419,-41.2170029,174.8907623,Outbound,5000
2017-11-05 14:28:26,1594,lowFloor,258,362,-41.2111473,174.9014893,Outbound,5000
2017-11-05 14:30:58,1594,lowFloor,186,398,-41.2224083,174.9070892,Outbound,5000
2017-11-05 14:33:27,1594,lowFloor,150,382,-41.2359200,174.9055328,Outbound,5000
2017-11-05 14:36:57,1594,lowFloor,162,389,-41.2550201,174.9087524,Outbound,5000
2017-11-05 14:37:58,1594,lowFloor,234,337,-41.2598839,174.9120941,Outbound,5000
2017-11-05 14:39:34,1217,lowFloor,354,527,-41.3075409,174.8851471,Inbound,8858
2017-11-05 14:39:34,1217,lowFloor,354,527,-41.3075409,174.8851471,Inbound
2017-11-05 15:30:06,1217,lowFloor,258,339,-41.2109642,174.9033966,Inbound
2017-11-05 15:30:35,1217,lowFloor,270,339,-41.2112350,174.9020844,Inbound,8858
2017-11-05 15:33:06,1217,lowFloor,234,426,-41.2137604,174.8952789,Inbound,8858
2017-11-05 15:38:06,1217,lowFloor,198,478,-41.2272720,174.8849182,Inbound,8858
2017-11-05 15:38:36,1217,lowFloor,294,502,-41.2264595,174.8820496,Inbound,8858
2017-11-05 15:39:35,1217,lowFloor,294,515,-41.2256508,174.8795471,Inbound,8858
2017-11-05 15:41:05,1217,lowFloor,282,545,-41.2245712,174.8758545,Inbound,8858
2017-11-05 15:41:35,1217,lowFloor,282,545,-41.2238503,174.8734741,Inbound,8858
2017-11-05 15:41:35,1217,lowFloor,282,545,-41.2238503,174.8734741,Inbound,8858
2017-11-05 15:45:34,1217,lowFloor,282,715,-41.2247505,174.8616791,Inbound,8858
2017-11-05 15:46:36,1217,lowFloor,234,715,-41.2267303,174.8507080,Inbound,8858
2017-11-05 15:47:35,1217,lowFloor,234,715,-41.2324982,174.8373566,Inbound,8858
2017-11-05 15:49:04,1217,lowFloor,222,715,-41.2450180,174.8176880,Inbound,8858
2017-11-05 15:50:36,1217,lowFloor,234,576,-41.2483521,174.8120880,Inbound,8858
2017-11-05 15:51:36,1217,lowFloor,246,578,-41.2533073,174.8032684,Inbound,8858
2017-11-05 15:52:06,1217,lowFloor,246,578,-41.2553787,174.7979126,Inbound,8858
2017-11-05 15:53:34,1217,lowFloor,222,554,-41.2603340,174.7897949,Inbound,8858
2017-11-05 15:54:05,1217,lowFloor,210,605,-41.2611465,174.7889709,Inbound,8858
2017-11-05 15:56:36,1217,lowFloor,246,557,-41.2759209,174.7825317,Inbound,8858
2017-11-05 15:58:04,1217,lowFloor,234,604,-41.2786217,174.7789612,Inbound,8858
2017-11-05 15:59:04,1217,lowFloor,234,604,-41.2799759,174.7763367,Inbound,8858
2017-11-05 16:00:34,1217,lowFloor,186,574,-41.2831268,174.7756195,Inbound,8858
2017-11-05 16:05:33,1217,lowFloor,138,487,-41.2914162,174.7772827,Inbound,8858
2017-11-05 16:15:04,1217,lowFloor,126,0,-41.2907829,174.7803802,Outbound
2017-11-05 16:16:05,1217,lowFloor,114,0,-41.2917747,174.7831268,Outbound,5000
2017-11-05 16:17:33,1217,lowFloor,210,0,-41.2957382,174.7831268,Outbound,5000
2017-11-05 16:19:04,1217,lowFloor,282,0,-41.2939377,174.7826538,Outbound,5000
2017-11-05 16:23:05,1217,lowFloor,306,305,-41.2915039,174.7772827,Outbound,5000
2017-11-05 16:23:34,1217,lowFloor,306,334,-41.2915039,174.7772827,Outbound,5000
2017-11-05 16:24:03,1217,lowFloor,318,339,-41.2908745,174.7764587,Outbound,5000
2017-11-05 16:24:03,1217,lowFloor,318,339,-41.2908745,174.7764587,Outbound,5000
2017-11-05 16:27:03,1217,lowFloor,30,363,-41.2869110,174.7760925,Outbound,5000
2017-11-05 16:28:03,1217,lowFloor,342,395,-41.2851982,174.7757416,Outbound,5000
2017-11-05 16:29:33,1217,lowFloor,6,393,-41.2830353,174.7756195,Outbound,5000
2017-11-05 16:30:05,1217,lowFloor,18,425,-41.2827682,174.7756195,Outbound,5000
2017-11-05 16:31:33,1217,lowFloor,18,393,-41.2800636,174.7760925,Outbound,5000
2017-11-05 16:34:34,1217,lowFloor,42,487,-41.2763710,174.7813416,Outbound,5000
2017-11-05 16:38:04,1217,lowFloor,54,513,-41.2620468,174.7874146,Outbound,5000
2017-11-05 16:38:33,1217,lowFloor,42,513,-41.2600632,174.7897949,Outbound,5000
2017-11-05 16:39:04,1217,lowFloor,54,519,-41.2574501,174.7933807,Outbound,5000
2017-11-05 16:41:35,1217,lowFloor,42,502,-41.2465515,174.8151855,Outbound,5000
2017-11-05 16:43:04,1217,lowFloor,54,502,-41.2358322,174.8329468,Outbound,5000
2017-11-05 16:45:33,1217,lowFloor,90,502,-41.2243881,174.8630981,Outbound,5000
2017-11-05 16:46:04,1217,lowFloor,66,355,-41.2232170,174.8675079,Outbound,5000
2017-11-05 16:48:04,1217,lowFloor,90,364,-41.2236671,174.8727570,Outbound,5000
2017-11-05 16:49:04,1217,lowFloor,102,484,-41.2239380,174.8740692,Outbound,5000
2017-11-05 16:51:04,1217,lowFloor,114,531,-41.2254715,174.8788300,Outbound,5000
2017-11-05 16:53:33,1217,lowFloor,6,573,-41.2268219,174.8851471,Outbound,5000
2017-11-05 16:55:04,1217,lowFloor,18,604,-41.2206955,174.8883667,Outbound,5000
2017-11-05 16:56:04,1217,lowFloor,18,544,-41.2167320,174.8908691,Outbound,5000
2017-11-05 16:57:04,1217,lowFloor,54,597,-41.2146606,174.8937378,Outbound,5000
2017-11-05 16:58:03,1217,lowFloor,30,561,-41.2124977,174.8996887,Outbound,5000
2017-11-05 16:59:04,1217,lowFloor,78,482,-41.2097054,174.9044647,Outbound,5000
2017-11-05 17:00:34,1217,lowFloor,246,516,-41.2111473,174.9013672,Outbound,5000
2017-11-05 17:04:33,1217,lowFloor,186,558,-41.2288017,174.9050598,Outbound,5000
2017-11-05 17:05:34,1217,lowFloor,150,545,-41.2337570,174.9043427,Outbound,5000
2017-11-05 17:07:03,1217,lowFloor,150,578,-41.2381744,174.9070892,Outbound,5000
2017-11-05 17:07:33,1217,lowFloor,162,573,-41.2418671,174.9087524,Outbound,5000
2017-11-05 17:09:04,1217,lowFloor,234,539,-41.2515945,174.9036255,Outbound,5000
2017-11-05 17:09:04,1217,lowFloor,234,539,-41.2515945,174.9036255,Outbound,5000
2017-11-05 17:10:03,1217,lowFloor,90,577,-41.2553787,174.9094696,Outbound,5000
2017-11-05 17:11:04,1217,lowFloor,234,515,-41.2608757,174.9099426,Outbound,5000
2017-11-05 17:12:03,1217,lowFloor,222,513,-41.2670021,174.9069672,Outbound,5000
2017-11-05 17:14:34,1217,lowFloor,162,394,-41.2805138,174.9068451,Outbound,5000
2017-11-05 17:15:33,1217,lowFloor,210,424,-41.2819557,174.9066010,Outbound,5000
2017-11-05 17:17:03,1217,lowFloor,198,483,-41.2873611,174.9015961,Outbound,5000
2017-11-05 17:18:03,1217,lowFloor,198,483,-41.2906952,174.8981476,Outbound,5000
2017-11-05 17:19:33,1217,lowFloor,174,493,-41.2961006,174.8961182,Outbound,5000
2017-11-05 17:21:04,1217,lowFloor,210,484,-41.3039360,174.8905182,Outbound,5000
2017-11-05 17:23:04,1217,lowFloor,210,604,-41.3038483,174.8906403,Outbound,5000
2017-11-05 17:23:35,1217,lowFloor,210,635,-41.3039360,174.8906403,Outbound,5000
2017-11-05 18:30:35,1217,lowFloor,126,29,-41.3075409,174.8851471,Inbound
2017-11-05 18:31:04,1217,lowFloor,126,0,-41.3074493,174.8851471,Inbound,8858
2017-11-05 18:32:07,1217,lowFloor,42,96,-41.3062782,174.8855133,Inbound,8858
2017-11-05 18:34:04,1217,lowFloor,30,106,-41.2992516,174.8948059,Inbound,8858
2017-11-05 18:38:39,1217,lowFloor,18,140,-41.2764587,174.9037476,Inbound,8858
2017-11-05 18:39:07,1217,lowFloor,6,166,-41.2733994,174.9061279,Inbound,8858
2017-11-05 18:43:05,1217,lowFloor,294,142,-41.2543907,174.9080353,Inbound,8858
2017-11-05 18:44:04,1217,lowFloor,54,146,-41.2506065,174.9056549,Inbound,8858
2017-11-05 18:46:04,1217,lowFloor,342,174,-41.2404251,174.9081573,Inbound,8858
2017-11-05 18:48:04,1217,lowFloor,18,157,-41.2286224,174.9050598,Inbound,8858
2017-11-05 18:48:34,1217,lowFloor,18,94,-41.2255592,174.9058990,Inbound,8858
2017-11-05 18:51:05,1217,lowFloor,330,50,-41.2142982,174.9010010,Inbound,8858
2017-11-05 18:51:35,1217,lowFloor,30,50,-41.2122269,174.8998108,Inbound,8858
2017-11-05 18:52:05,1217,lowFloor,54,-15,-41.2106972,174.9024353,Inbound,8858
2017-11-05 18:53:34,1217,lowFloor,150,34,-41.2101555,174.9047089,Inbound,8858
2017-11-05 18:55:05,1217,lowFloor,270,70,-41.2113266,174.9020844,Inbound,8858
2017-11-05 18:56:05,1217,lowFloor,270,100,-41.2129478,174.8990936,Inbound,8858
2017-11-05 18:58:05,1217,lowFloor,198,42,-41.2216873,174.8877716,Inbound,8858
2017-11-05 18:58:35,1217,lowFloor,198,20,-41.2247505,174.8862305,Inbound,8858
2017-11-05 18:59:35,1217,lowFloor,294,20,-41.2264595,174.8819427,Inbound,8858
2017-11-05 19:00:05,1217,lowFloor,294,-5,-41.2255592,174.8791962,Inbound,8858
2017-11-05 19:00:34,1217,lowFloor,294,-5,-41.2256508,174.8790741,Inbound,8858
2017-11-05 19:01:04,1217,lowFloor,294,-5,-41.2249298,174.8768158,Inbound,8858
2017-11-05 19:03:05,1217,lowFloor,246,65,-41.2236671,174.8660889,Inbound,8858
2017-11-05 19:03:34,1217,lowFloor,234,67,-41.2246590,174.8623962,Inbound,8858
2017-11-05 19:05:05,1217,lowFloor,246,67,-41.2278137,174.8472443,Inbound,8858
2017-11-05 19:06:05,1217,lowFloor,222,67,-41.2345695,174.8348541,Inbound,8858
2017-11-05 19:06:35,1217,lowFloor,234,67,-41.2382622,174.8289032,Inbound,8858
2017-11-05 19:09:04,1217,lowFloor,234,-45,-41.2521362,174.8057709,Inbound,8858
2017-11-05 19:10:04,1217,lowFloor,234,-56,-41.2560120,174.7958832,Inbound,8858
2017-11-05 19:12:04,1217,lowFloor,198,-56,-41.2677231,174.7814636,Inbound,8858
2017-11-05 19:16:05,1217,lowFloor,186,-55,-41.2810555,174.7762146,Inbound,8858
2017-11-05 19:17:04,1217,lowFloor,162,-69,-41.2838478,174.7757416,Inbound,8858
2017-11-05 19:20:04,1217,lowFloor,150,-144,-41.2899742,174.7753754,Inbound,8858
2017-11-05 19:21:05,1217,lowFloor,138,-115,-41.2911453,174.7768097,Inbound,8858
2017-11-05 19:29:36,1217,lowFloor,54,0,-41.2947502,174.7833710,Outbound
2017-11-05 19:32:05,1217,lowFloor,294,65,-41.2931290,174.7801514,Outbound,5000
2017-11-05 19:33:04,1217,lowFloor,306,96,-41.2925873,174.7791901,Outbound,5000
2017-11-05 19:34:05,1217,lowFloor,306,96,-41.2917747,174.7777710,Outbound,5000
2017-11-05 19:34:05,1217,lowFloor,306,96,-41.2917747,174.7777710,Outbound,5000
2017-11-05 19:34:35,1217,lowFloor,306,155,-41.2915039,174.7772827,Outbound,5000
2017-11-05 19:36:05,1217,lowFloor,306,161,-41.2905159,174.7758636,Outbound,5000
2017-11-05 19:40:05,1217,lowFloor,30,185,-41.2839394,174.7756195,Outbound,5000
2017-11-05 19:41:04,1217,lowFloor,354,226,-41.2819557,174.7760925,Outbound,5000
2017-11-05 19:42:34,1217,lowFloor,66,154,-41.2785339,174.7790680,Outbound,5000
2017-11-05 19:43:05,1217,lowFloor,66,185,-41.2785339,174.7790680,Outbound,5000
2017-11-05 19:45:34,1217,lowFloor,54,325,-41.2755585,174.7831268,Outbound,5000
2017-11-05 19:46:05,1217,lowFloor,330,287,-41.2724953,174.7824097,Outbound,5000
2017-11-05 19:48:03,1217,lowFloor,42,358,-41.2633095,174.7857513,Outbound,5000
2017-11-05 19:50:35,1217,lowFloor,66,354,-41.2529488,174.8039856,Outbound,5000
2017-11-05 19:52:05,1217,lowFloor,42,354,-41.2474518,174.8130493,Outbound,5000
2017-11-05 19:52:34,1217,lowFloor,42,370,-41.2453804,174.8163757,Outbound,5000
2017-11-05 19:53:04,1217,lowFloor,54,370,-41.2422256,174.8220978,Outbound,5000
2017-11-05 19:54:35,1217,lowFloor,30,370,-41.2301559,174.8417664,Outbound,5000
2017-11-05 19:57:04,1217,lowFloor,66,281,-41.2224960,174.8690643,Outbound,5000
2017-11-05 19:58:04,1217,lowFloor,102,276,-41.2236671,174.8730011,Outbound,5000
2017-11-05 19:59:04,1217,lowFloor,102,280,-41.2247505,174.8764496,Outbound,5000
2017-11-05 19:59:04,1217,lowFloor,102,280,-41.2247505,174.8764496,Outbound,5000
2017-11-05 20:03:03,1217,lowFloor,18,363,-41.2207870,174.8882599,Outbound,5000
2017-11-05 20:05:33,1217,lowFloor,42,393,-41.2137604,174.8951721,Outbound,5000
2017-11-05 20:05:33,1217,lowFloor,42,393,-41.2137604,174.8951721,Outbound,5000
2017-11-05 20:08:04,1217,lowFloor,54,424,-41.2101555,174.9033966,Outbound,5000
2017-11-05 20:08:04,1217,lowFloor,54,424,-41.2101555,174.9033966,Outbound,5000
2017-11-05 20:08:33,1217,lowFloor,150,393,-41.2104263,174.9048157,Outbound,5000
2017-11-05 20:09:03,1217,lowFloor,150,423,-41.2104263,174.9048157,Outbound,5000
2017-11-05 20:10:32,1217,lowFloor,174,427,-41.2127686,174.8998108,Outbound,5000
2017-11-05 20:10:32,1217,lowFloor,174,427,-41.2127686,174.8998108,Outbound,5000
2017-11-05 20:15:03,1217,lowFloor,150,423,-41.2354698,174.9053040,Outbound,5000
2017-11-05 20:16:04,1217,lowFloor,150,424,-41.2385330,174.9073181,Outbound,5000
2017-11-05 20:16:34,1217,lowFloor,162,454,-41.2422256,174.9088745,Outbound,5000
2017-11-05 20:17:03,1217,lowFloor,162,483,-41.2458305,174.9099426,Outbound,5000
2017-11-05 20:19:34,1217,lowFloor,138,452,-41.2560120,174.9111328,Outbound,5000
2017-11-05 20:19:34,1217,lowFloor,138,452,-41.2560120,174.9111328,Outbound,5000
2017-11-05 20:20:34,1217,lowFloor,210,411,-41.2616844,174.9087524,Outbound,5000
2017-11-05 20:20:34,1217,lowFloor,210,411,-41.2616844,174.9087524,Outbound,5000
2017-11-05 20:21:33,1217,lowFloor,150,393,-41.2676315,174.9074402,Outbound,5000
2017-11-05 20:22:05,1217,lowFloor,246,357,-41.2709656,174.9070892,Outbound,5000
2017-11-05 20:24:33,1217,lowFloor,246,297,-41.2853813,174.9018402,Outbound,5000
2017-11-05 20:26:34,1217,lowFloor,210,310,-41.2932167,174.8964844,Outbound,5000
2017-11-05 20:30:03,1217,lowFloor,330,0,-41.3075409,174.8850403,Inbound
2017-11-05 20:30:33,1217,lowFloor,330,0,-41.3075409,174.8850403,Inbound,8858
2017-11-05 20:32:04,1217,lowFloor,330,0,-41.3075409,174.8850403,Inbound,8858
2017-11-05 20:33:33,1217,lowFloor,42,153,-41.3037567,174.8907623,Inbound,8858
2017-11-05 20:42:02,1217,lowFloor,42,281,-41.2657394,174.9088745,Inbound,8858
2017-11-05 20:42:34,1217,lowFloor,318,260,-41.2625885,174.9089966,Inbound,8858
2017-11-05 20:43:33,1217,lowFloor,330,267,-41.2569122,174.9119720,Inbound,8858
2017-11-05 20:44:34,1217,lowFloor,270,274,-41.2530365,174.9048157,Inbound,8858
2017-11-05 20:44:34,1217,lowFloor,270,274,-41.2530365,174.9048157,Inbound,8858
2017-11-05 20:48:33,1217,lowFloor,6,273,-41.2317772,174.9043427,Inbound,8858
2017-11-05 20:51:32,1217,lowFloor,330,147,-41.2152901,174.9018402,Inbound,8858
2017-11-05 20:53:04,1217,lowFloor,54,110,-41.2097931,174.9040985,Inbound,8858
2017-11-05 20:55:33,1217,lowFloor,210,153,-41.2117767,174.9004059,Inbound,8858
2017-11-05 20:55:33,1217,lowFloor,210,153,-41.2117767,174.9004059,Inbound,8858
2017-11-05 20:58:04,1217,lowFloor,210,173,-41.2175407,174.8903961,Inbound,8858
2017-11-05 20:58:33,1217,lowFloor,210,142,-41.2205162,174.8886108,Inbound,8858
2017-11-05 20:59:04,1217,lowFloor,198,124,-41.2234879,174.8869476,Inbound,8858
2017-11-05 21:00:34,1217,lowFloor,294,145,-41.2267303,174.8826447,Inbound,8858
2017-11-05 21:01:05,1217,lowFloor,294,125,-41.2259216,174.8801422,Inbound,8858
2017-11-05 21:01:33,1217,lowFloor,294,127,-41.2253799,174.8784790,Inbound,8858
2017-11-05 21:02:04,1217,lowFloor,294,184,-41.2247505,174.8763275,Inbound,8858
2017-11-05 21:03:33,1217,lowFloor,294,213,-41.2234879,174.8719177,Inbound,8858
2017-11-05 21:06:05,1217,lowFloor,246,279,-41.2251091,174.8552399,Inbound,8858
2017-11-05 21:07:33,1217,lowFloor,222,279,-41.2334900,174.8362885,Inbound,8858
2017-11-05 21:09:34,1217,lowFloor,306,279,-41.2479935,174.8138733,Inbound,8858
2017-11-05 21:10:34,1217,lowFloor,222,167,-41.2517776,174.8063660,Inbound,8858
2017-11-05 21:11:04,1217,lowFloor,246,167,-41.2541199,174.8013611,Inbound,8858
2017-11-05 21:12:05,1217,lowFloor,222,154,-41.2581711,174.7925415,Inbound,8858
2017-11-05 21:13:05,1217,lowFloor,222,157,-41.2633095,174.7858734,Inbound,8858
2017-11-05 21:14:05,1217,lowFloor,174,125,-41.2695236,174.7810974,Inbound,8858
2017-11-05 21:14:05,1217,lowFloor,174,125,-41.2695236,174.7810974,Inbound,8858
2017-11-05 21:21:03,1217,lowFloor,234,158,-41.2890739,174.7747803,Inbound,8858
2017-11-05 21:23:04,1217,lowFloor,126,164,-41.2919540,174.7781219,Inbound,8858
2017-11-05 21:30:05,1217,lowFloor,282,0,-41.2938461,174.7822876,Outbound
2017-11-05 21:30:05,1217,lowFloor,282,0,-41.2938461,174.7822876,Outbound
2017-11-05 21:31:34,1217,lowFloor,294,34,-41.2932167,174.7802734,Outbound,5000
2017-11-05 21:31:34,1217,lowFloor,294,34,-41.2932167,174.7802734,Outbound,5000
2017-11-05 21:33:33,1217,lowFloor,318,64,-41.2907829,174.7763367,Outbound,5000
2017-11-05 21:34:05,1217,lowFloor,330,64,-41.2900658,174.7754974,Outbound,5000
2017-11-05 21:35:05,1217,lowFloor,330,125,-41.2894325,174.7749023,Outbound,5000
2017-11-05 21:35:05,1217,lowFloor,330,125,-41.2894325,174.7749023,Outbound,5000
2017-11-05 21:35:35,1217,lowFloor,18,129,-41.2886238,174.7750244,Outbound,5000
2017-11-05 21:36:35,1217,lowFloor,18,95,-41.2870026,174.7762146,Outbound,5000
2017-11-05 21:39:34,1217,lowFloor,54,94,-41.2799759,174.7766876,Outbound,5000
2017-11-05 21:40:34,1217,lowFloor,54,94,-41.2784424,174.7790680,Outbound,5000
2017-11-05 21:41:05,1217,lowFloor,54,125,-41.2781715,174.7797852,Outbound,5000
2017-11-05 21:42:03,1217,lowFloor,30,109,-41.2750206,174.7835999,Outbound,5000
2017-11-05 21:42:35,1217,lowFloor,342,131,-41.2720451,174.7821808,Outbound,5000
2017-11-05 21:44:05,1217,lowFloor,42,113,-41.2627678,174.7863464,Outbound,5000
2017-11-05 21:47:04,1217,lowFloor,54,147,-41.2494354,174.8101807,Outbound,5000
2017-11-05 21:47:33,1217,lowFloor,54,153,-41.2473602,174.8134003,Outbound,5000
2017-11-05 21:50:33,1217,lowFloor,78,155,-41.2273636,174.8485565,Outbound,5000
2017-11-05 21:51:34,1217,lowFloor,114,155,-41.2235794,174.8596497,Outbound,5000
2017-11-05 21:53:03,1217,lowFloor,102,24,-41.2225876,174.8694153,Outbound,5000
2017-11-05 21:53:03,1217,lowFloor,102,24,-41.2225876,174.8694153,Outbound,5000
2017-11-05 21:54:04,1217,lowFloor,114,64,-41.2243881,174.8752594,Outbound,5000
2017-11-05 21:54:04,1217,lowFloor,114,64,-41.2243881,174.8752594,Outbound,5000
2017-11-05 21:55:04,1217,lowFloor,114,75,-41.2253799,174.8784790,Outbound,5000
2017-11-05 21:56:35,1217,lowFloor,18,95,-41.2270927,174.8850403,Outbound,5000
2017-11-05 21:58:34,1217,lowFloor,30,94,-41.2207870,174.8883667,Outbound,5000
2017-11-05 21:59:35,1217,lowFloor,30,95,-41.2161903,174.8911133,Outbound,5000
2017-11-05 22:01:02,1217,lowFloor,90,97,-41.2129478,174.8973083,Outbound,5000
2017-11-05 22:02:32,1217,lowFloor,150,32,-41.2101555,174.9047089,Outbound,5000
2017-11-05 22:03:33,1217,lowFloor,150,93,-41.2104263,174.9049377,Outbound,5000
2017-11-05 22:04:33,1217,lowFloor,258,123,-41.2108765,174.9040985,Outbound,5000
2017-11-05 22:05:04,1217,lowFloor,246,123,-41.2112350,174.9014893,Outbound,5000
2017-11-05 22:06:03,1217,lowFloor,150,123,-41.2157402,174.9023132,Outbound,5000
2017-11-05 22:08:33,1217,lowFloor,186,153,-41.2270012,174.9056549,Outbound,5000
2017-11-05 22:09:03,1217,lowFloor,198,156,-41.2279015,174.9053040,Outbound,5000
2017-11-05 22:11:03,1217,lowFloor,150,152,-41.2378120,174.9067230,Outbound,5000
2017-11-05 22:12:03,1217,lowFloor,162,161,-41.2449303,174.9097137,Outbound,5000
2017-11-05 22:15:03,1217,lowFloor,246,102,-41.2600632,174.9117279,Outbound,5000
2017-11-05 22:22:32,1217,lowFloor,222,-43,-41.3028564,174.8917084,Outbound,5000
2017-11-05 22:24:03,1217,lowFloor,30,0,-41.3079033,174.8851471,Outbound,5000
2017-11-06 11:41:25,1558,lowFloor,294,417,-41.2113266,174.9020844,Outbound
2017-11-06 11:42:54,1558,lowFloor,150,414,-41.2155609,174.9021912,Outbound,5000
2017-11-06 11:43:56,1558,lowFloor,90,385,-41.2173615,174.9063721,Outbound,5000
2017-11-06 11:43:56,1558,lowFloor,90,385,-41.2173615,174.9063721,Outbound,5000
2017-11-06 11:46:56,1558,lowFloor,162,333,-41.2345695,174.9045868,Outbound,5000
2017-11-06 11:49:26,1558,lowFloor,162,381,-41.2465515,174.9100647,Outbound,5000
2017-11-06 11:50:55,1558,lowFloor,126,316,-41.2539368,174.9070892,Outbound,5000
2017-11-06 11:51:57,1558,lowFloor,174,290,-41.2586212,174.9126892,Outbound,5000
2017-11-06 11:53:56,1558,lowFloor,162,287,-41.2683525,174.9078064,Outbound,5000
2017-11-06 11:56:24,1558,lowFloor,258,193,-41.2834892,174.9045868,Outbound,5000
2017-11-06 11:56:24,1558,lowFloor,258,193,-41.2834892,174.9045868,Outbound,5000
2017-11-06 11:58:24,1558,lowFloor,198,204,-41.2920456,174.8973083,Outbound,5000
2017-11-06 12:00:57,1558,lowFloor,210,232,-41.3026772,174.8918304,Outbound,5000
2017-11-06 12:02:55,1558,lowFloor,66,0,-41.3079033,174.8852692,Outbound,5000
2017-11-06 12:08:31,1636,lowFloor,270,271,-41.2107849,174.9047089,Outbound,5000
2017-11-06 12:09:58,1636,lowFloor,198,298,-41.2120476,174.9000549,Outbound,5000
2017-11-06 12:10:58,1636,lowFloor,138,298,-41.2153816,174.9020844,Outbound,5000
2017-11-06 12:12:29,1636,lowFloor,102,329,-41.2171822,174.9040985,Outbound,5000
2017-11-06 12:14:31,1636,lowFloor,186,341,-41.2240295,174.9063721,Outbound,5000
2017-11-06 12:16:29,1636,lowFloor,150,260,-41.2360992,174.9056549,Outbound,5000
2017-11-06 12:18:29,1636,lowFloor,162,323,-41.2466431,174.9100647,Outbound,5000
2017-11-06 12:20:03,1636,lowFloor,114,261,-41.2533073,174.9061279,Outbound,5000
2017-11-06 12:23:29,1636,lowFloor,150,269,-41.2676315,174.9075623,Outbound,5000
2017-11-06 12:25:03,1217,lowFloor,282,0,-41.2938461,174.7824097,Outbound
2017-11-06 12:34:31,1170,lowFloor,354,0,-41.3071823,174.8846741,Inbound
2017-11-06 12:35:32,1170,lowFloor,66,-28,-41.3051987,174.8884888,Inbound
2017-11-06 12:38:32,1170,lowFloor,30,13,-41.2934875,174.8963623,Inbound,8858
2017-11-06 12:39:03,1170,lowFloor,18,63,-41.2921371,174.8970795,Inbound,8858
2017-11-06 12:40:03,1170,lowFloor,30,63,-41.2907829,174.8980255,Inbound,8858
2017-11-06 12:41:00,1170,lowFloor,42,114,-41.2881737,174.9008942,Inbound,8858
2017-11-06 12:41:31,1170,lowFloor,30,134,-41.2854691,174.9015961,Inbound,8858
2017-11-06 12:42:01,1170,lowFloor,90,134,-41.2833977,174.9045868,Inbound,8858
2017-11-06 12:42:32,1170,lowFloor,6,134,-41.2809639,174.9068451,Inbound,8858
2017-11-06 12:46:03,1170,lowFloor,18,99,-41.2615967,174.9087524,Inbound,8858
2017-11-06 12:50:03,1170,lowFloor,342,56,-41.2424965,174.9088745,Inbound,8858
2017-11-06 12:50:03,1170,lowFloor,342,56,-41.2424965,174.9088745,Inbound,8858
2017-11-06 12:58:01,1170,lowFloor,330,35,-41.2136688,174.9004059,Inbound,8858
2017-11-06 12:58:32,1170,lowFloor,30,35,-41.2125893,174.8994598,Inbound,8858
2017-11-06 13:01:01,1170,lowFloor,54,97,-41.2097054,174.9042206,Inbound,8858
2017-11-06 13:01:01,1170,lowFloor,54,97,-41.2097054,174.9042206,Inbound,8858
2017-11-06 13:02:31,1170,lowFloor,150,151,-41.2100639,174.9047089,Inbound,8858
2017-11-06 13:02:31,1170,lowFloor,150,151,-41.2100639,174.9047089,Inbound,8858
2017-11-06 13:04:31,1170,lowFloor,318,212,-41.2111473,174.9019623,Inbound,8858
2017-11-06 13:05:32,1170,lowFloor,198,272,-41.2120476,174.9000549,Inbound,8858
2017-11-06 13:06:00,1170,lowFloor,270,278,-41.2130394,174.8980255,Inbound,8858
2017-11-06 13:08:29,1170,lowFloor,198,243,-41.2179031,174.8901672,Inbound,8858
2017-11-06 13:09:30,1170,lowFloor,186,210,-41.2233086,174.8870544,Inbound,8858
2017-11-06 13:10:01,1170,lowFloor,210,241,-41.2234879,174.8869476,Inbound,8858
2017-11-06 13:10:32,1170,lowFloor,198,243,-41.2261925,174.8855133,Inbound,8858
2017-11-06 16:12:30,1387,lowFloor,54,306,-41.2795219,174.7771606,Outbound,5000
2017-11-06 17:09:01,1170,lowFloor,102,481,-41.2255592,174.8793182,Outbound
2017-11-06 17:09:33,1170,lowFloor,114,484,-41.2261925,174.8813477,Outbound,5000
2017-11-06 17:10:33,1170,lowFloor,6,453,-41.2268219,174.8851471,Outbound,5000
2017-11-06 17:11:33,1170,lowFloor,18,483,-41.2258301,174.8856354,Outbound,5000
2017-11-06 17:11:33,1170,lowFloor,18,483,-41.2258301,174.8856354,Outbound,5000
2017-11-06 17:14:00,1170,lowFloor,30,487,-41.2190742,174.8894501,Outbound,5000
2017-11-06 17:14:33,1170,lowFloor,18,487,-41.2179947,174.8901672,Outbound
2017-11-06 17:15:00,1170,lowFloor,18,480,-41.2168236,174.8907623,Outbound,5000
2017-11-06 17:18:00,1170,lowFloor,42,480,-41.2115059,174.9004059,Outbound,5000
2017-11-06 17:18:33,1170,lowFloor,42,453,-41.2103348,174.9029083,Outbound,5000
2017-11-06 17:19:01,1170,lowFloor,54,481,-41.2102470,174.9031525,Outbound,5000
2017-11-06 17:20:01,1170,lowFloor,54,485,-41.2097054,174.9042206,Outbound,5000
2017-11-06 17:20:33,1170,lowFloor,150,513,-41.2104263,174.9048157,Outbound,5000
2017-11-06 17:23:02,1170,lowFloor,234,602,-41.2115974,174.9004059,Outbound,5000
2017-11-06 17:24:02,1170,lowFloor,174,630,-41.2126770,174.8996887,Outbound,5000
2017-11-06 17:24:30,1170,lowFloor,150,630,-41.2149315,174.9015961,Outbound,5000
2017-11-06 17:25:03,1170,lowFloor,138,583,-41.2169113,174.9033966,Outbound,5000
2017-11-06 17:27:00,1170,lowFloor,114,669,-41.2174530,174.9067230,Outbound,5000
2017-11-06 17:28:01,1170,lowFloor,198,669,-41.2201538,174.9074402,Outbound,5000
2017-11-06 17:30:01,1170,lowFloor,174,661,-41.2270927,174.9055328,Outbound,5000
2017-11-06 17:31:01,1170,lowFloor,186,647,-41.2312355,174.9044647,Outbound,5000
2017-11-06 17:32:01,1170,lowFloor,126,586,-41.2366409,174.9062500,Outbound,5000
2017-11-06 17:32:33,1170,lowFloor,162,567,-41.2393456,174.9078064,Outbound,5000
2017-11-06 17:33:00,1170,lowFloor,162,594,-41.2431259,174.9091187,Outbound,5000
2017-11-06 17:35:31,1170,lowFloor,90,563,-41.2553787,174.9100647,Outbound,5000
2017-11-06 17:36:31,1170,lowFloor,210,543,-41.2597046,174.9123230,Outbound,5000
2017-11-06 17:37:30,1170,lowFloor,198,502,-41.2648392,174.9098206,Outbound,5000
2017-11-06 17:39:01,1170,lowFloor,186,517,-41.2734871,174.9060059,Outbound,5000
2017-11-06 17:40:33,1170,lowFloor,210,437,-41.2822266,174.9063721,Outbound,5000
2017-11-06 17:41:00,1170,lowFloor,234,406,-41.2832184,174.9053040,Outbound,5000
2017-11-06 17:42:04,1170,lowFloor,174,424,-41.2871819,174.9015961,Outbound,5000
2017-11-06 17:44:34,1170,lowFloor,174,454,-41.2968216,174.8962402,Outbound,5000
2017-11-06 17:46:33,1170,lowFloor,234,393,-41.3049278,174.8889618,Outbound,5000
2017-11-06 17:47:32,1170,lowFloor,90,0,-41.3074493,174.8850403,Outbound,5000
2017-11-06 17:47:32,1170,lowFloor,90,0,-41.3074493,174.8850403,Outbound,5000
2017-11-06 17:53:06,1217,lowFloor,18,95,-41.2177238,174.8902740,Outbound,5000
2017-11-06 17:53:33,1217,lowFloor,6,93,-41.2165527,174.8908691,Outbound,5000
2017-11-06 17:55:35,1217,lowFloor,6,37,-41.2120476,174.8998108,Outbound,5000
2017-11-06 17:58:33,1217,lowFloor,306,37,-41.2111473,174.9018402,Outbound,5000
2017-11-06 17:59:04,1217,lowFloor,222,64,-41.2118683,174.9001770,Outbound,5000
2017-11-06 18:00:32,1217,lowFloor,150,78,-41.2179031,174.9072113,Outbound,5000
2017-11-06 18:02:35,1217,lowFloor,174,35,-41.2271805,174.9055328,Outbound,5000
2017-11-06 18:04:32,1217,lowFloor,150,63,-41.2345695,174.9045868,Outbound,5000
2017-11-06 18:05:32,1217,lowFloor,162,32,-41.2405167,174.9082794,Outbound,5000
2017-11-06 18:07:05,1217,lowFloor,246,50,-41.2507858,174.9054108,Outbound,5000
2017-11-06 18:09:35,1217,lowFloor,138,-18,-41.2628555,174.9092255,Outbound,5000
2017-11-06 18:11:34,1217,lowFloor,186,-114,-41.2737579,174.9060059,Outbound,5000
2017-11-06 18:13:04,1217,lowFloor,162,-176,-41.2806931,174.9069672,Outbound,5000
2017-11-06 18:14:05,1217,lowFloor,222,-197,-41.2838478,174.9032745,Outbound,5000
2017-11-06 18:14:37,1217,lowFloor,174,-203,-41.2869110,174.9015961,Outbound,5000
2017-11-06 18:16:05,1217,lowFloor,162,-295,-41.2952003,174.8958740,Outbound,5000
2017-11-06 18:17:33,1217,lowFloor,222,-336,-41.3030357,174.8913574,Outbound,5000
2017-11-06 18:31:34,1217,lowFloor,54,0,-41.3065491,174.8850403,Inbound
2017-11-06 18:31:34,1217,lowFloor,54,0,-41.3065491,174.8850403,Inbound
2017-11-06 18:33:32,1217,lowFloor,30,92,-41.2988930,174.8950500,Inbound,8858
2017-11-06 18:36:33,1217,lowFloor,342,153,-41.2870026,174.9014893,Inbound,8858
2017-11-06 18:37:02,1217,lowFloor,54,153,-41.2850189,174.9025574,Inbound,8858
2017-11-06 18:40:07,1217,lowFloor,42,124,-41.2666397,174.9073181,Inbound,8858
2017-11-06 18:40:32,1217,lowFloor,342,152,-41.2635765,174.9098206,Inbound,8858
2017-11-06 18:43:34,1217,lowFloor,66,94,-41.2496147,174.9081573,Inbound,8858
2017-11-06 18:45:04,1217,lowFloor,342,113,-41.2422256,174.9087524,Inbound,8858
2017-11-06 18:48:04,1217,lowFloor,6,44,-41.2237587,174.9063721,Inbound,8858
2017-11-06 18:48:34,1217,lowFloor,18,34,-41.2206039,174.9072113,Inbound,8858
2017-11-06 18:49:35,1217,lowFloor,330,-42,-41.2161903,174.9025574,Inbound,8858
2017-11-06 18:51:02,1217,lowFloor,54,-58,-41.2103348,174.9030304,Inbound,8858
2017-11-06 18:52:05,1217,lowFloor,222,-55,-41.2101555,174.9045868,Inbound,8858
2017-11-06 18:53:33,1217,lowFloor,138,4,-41.2105141,174.9049377,Inbound,8858
2017-11-06 18:54:32,1217,lowFloor,210,32,-41.2116852,174.9002991,Inbound,8858
2017-11-06 18:56:03,1217,lowFloor,234,3,-41.2151108,174.8930206,Inbound,8858
2017-11-06 18:56:32,1217,lowFloor,186,-28,-41.2168236,174.8908691,Inbound,8858
2017-11-06 18:57:04,1217,lowFloor,198,-23,-41.2176323,174.8903961,Inbound,8858
2017-11-06 18:57:04,1217,lowFloor,198,-23,-41.2176323,174.8903961,Inbound,8858
2017-11-06 19:01:03,1217,lowFloor,294,-52,-41.2251091,174.8775330,Inbound,8858
2017-11-06 19:01:03,1217,lowFloor,294,-52,-41.2251091,174.8775330,Inbound,8858
2017-11-06 19:03:31,1217,lowFloor,246,81,-41.2225876,174.8687134,Inbound,8858
2017-11-06 19:06:33,1217,lowFloor,222,109,-41.2343903,174.8350983,Inbound,8858
2017-11-06 19:06:33,1217,lowFloor,222,109,-41.2343903,174.8350983,Inbound,8858
2017-11-06 19:11:33,1217,lowFloor,222,-54,-41.2633972,174.7857513,Inbound,8858
2017-11-06 19:12:02,1217,lowFloor,222,-81,-41.2667313,174.7821808,Inbound,8858
2017-11-06 19:13:03,1217,lowFloor,162,-79,-41.2736664,174.7831268,Inbound,8858
2017-11-06 19:14:03,1217,lowFloor,246,-57,-41.2779922,174.7801514,Inbound,8858
2017-11-06 19:14:35,1217,lowFloor,234,-25,-41.2786217,174.7789612,Inbound,8858
2017-11-06 19:17:31,1217,lowFloor,210,-56,-41.2842064,174.7753754,Inbound,8858
2017-11-07 00:18:03,2260,lowFloor,222,-126,-41.3030357,174.8915863,Outbound,5000
2017-11-07 06:42:58,1387,lowFloor,282,154,-41.2552910,174.9099426,Inbound
2017-11-07 06:43:58,1387,lowFloor,6,162,-41.2519569,174.9031525,Inbound,8858
